year,game_id,game_date,home_team,away_team,home_name,away_name,home_pts,away_pts
2014,4ca809b6-8469-4287-af80-c3b917a2de3f,2014-10-31T00:00:00Z,583ec773-fb46-11e1-82cb-f4ce4684ea4c,583ec70e-fb46-11e1-82cb-f4ce4684ea4c,Cleveland Cavaliers,New York Knicks,90,95
2014,4c737505-fdb2-4f61-8567-d5b49de799b8,2014-11-01T00:00:00Z,583ec5fd-fb46-11e1-82cb-f4ce4684ea4c,583ec773-fb46-11e1-82cb-f4ce4684ea4c,Chicago Bulls,Cleveland Cavaliers,108,114
2014,1bac4051-64c8-4a4a-b576-8cdfebf1d2a8,2014-11-05T03:00:00Z,583ed056-fb46-11e1-82cb-f4ce4684ea4c,583ec773-fb46-11e1-82cb-f4ce4684ea4c,Portland Trail Blazers,Cleveland Cavaliers,101,82
2014,f2b7e21f-7c89-46bd-bb75-f5f4827f6b81,2014-11-06T02:00:00Z,583ece50-fb46-11e1-82cb-f4ce4684ea4c,583ec773-fb46-11e1-82cb-f4ce4684ea4c,Utah Jazz,Cleveland Cavaliers,102,100
2014,81daaa9e-bff3-460f-ae4d-cf0c756d62ff,2014-11-08T03:30:00Z,583ed102-fb46-11e1-82cb-f4ce4684ea4c,583ec773-fb46-11e1-82cb-f4ce4684ea4c,Denver Nuggets,Cleveland Cavaliers,101,110
2014,e5f6803d-87e7-4ccb-a5e2-f9dd0b1cd683,2014-11-11T00:00:00Z,583ec773-fb46-11e1-82cb-f4ce4684ea4c,583ecc9a-fb46-11e1-82cb-f4ce4684ea4c,Cleveland Cavaliers,New Orleans Pelicans,118,111
2014,778e8f6b-0877-48aa-82ba-58b7e2439658,2014-11-15T00:30:00Z,583eccfa-fb46-11e1-82cb-f4ce4684ea4c,583ec773-fb46-11e1-82cb-f4ce4684ea4c,Boston Celtics,Cleveland Cavaliers,121,122
2014,7dd61135-d8b8-403d-8943-0ba84aedcb0e,2014-11-16T00:30:00Z,583ec773-fb46-11e1-82cb-f4ce4684ea4c,583ecb8f-fb46-11e1-82cb-f4ce4684ea4c,Cleveland Cavaliers,Atlanta Hawks,127,94
2014,0c45b949-87f6-45b7-83d2-545573cddf96,2014-11-18T00:00:00Z,583ec773-fb46-11e1-82cb-f4ce4684ea4c,583ed102-fb46-11e1-82cb-f4ce4684ea4c,Cleveland Cavaliers,Denver Nuggets,97,106
2014,6d307d50-51be-4eb5-b329-97412bc1becf,2014-11-20T00:00:00Z,583ec773-fb46-11e1-82cb-f4ce4684ea4c,583ecd4f-fb46-11e1-82cb-f4ce4684ea4c,Cleveland Cavaliers,San Antonio Spurs,90,92
2014,af8e4163-699f-4bf8-8168-7700d208503a,2014-11-22T01:00:00Z,583ec8d4-fb46-11e1-82cb-f4ce4684ea4c,583ec773-fb46-11e1-82cb-f4ce4684ea4c,Washington Wizards,Cleveland Cavaliers,91,78
2014,71244dfe-657a-4592-9ba5-f4bb44fa34fe,2014-11-23T00:30:00Z,583ec773-fb46-11e1-82cb-f4ce4684ea4c,583ecda6-fb46-11e1-82cb-f4ce4684ea4c,Cleveland Cavaliers,Toronto Raptors,93,110
2014,48b4182f-ef7e-4261-b773-23d456e07150,2014-11-25T00:00:00Z,583ec773-fb46-11e1-82cb-f4ce4684ea4c,583ed157-fb46-11e1-82cb-f4ce4684ea4c,Cleveland Cavaliers,Orlando Magic,106,74
2014,28c6a171-753c-400b-95b1-c884704667c1,2014-11-27T00:00:00Z,583ec773-fb46-11e1-82cb-f4ce4684ea4c,583ec8d4-fb46-11e1-82cb-f4ce4684ea4c,Cleveland Cavaliers,Washington Wizards,113,87
2014,8cfc4a37-bc94-4fb7-990a-45b7ba40f6bb,2014-11-30T00:30:00Z,583ec773-fb46-11e1-82cb-f4ce4684ea4c,583ec7cd-fb46-11e1-82cb-f4ce4684ea4c,Cleveland Cavaliers,Indiana Pacers,109,97
2014,5873f488-d517-402a-ba13-3e797bb78974,2014-12-03T00:00:00Z,583ec773-fb46-11e1-82cb-f4ce4684ea4c,583ecefd-fb46-11e1-82cb-f4ce4684ea4c,Cleveland Cavaliers,Milwaukee Bucks,111,108
2014,bb636caf-d477-47c1-92cb-c945bd04c708,2014-12-05T01:00:00Z,583ec70e-fb46-11e1-82cb-f4ce4684ea4c,583ec773-fb46-11e1-82cb-f4ce4684ea4c,New York Knicks,Cleveland Cavaliers,87,90
2014,83bc2ea2-f6fe-4a72-bd12-082232e90095,2014-12-06T00:30:00Z,583ecda6-fb46-11e1-82cb-f4ce4684ea4c,583ec773-fb46-11e1-82cb-f4ce4684ea4c,Toronto Raptors,Cleveland Cavaliers,91,105
2014,d0cce902-c42a-489f-86de-82f39cea9e5c,2014-12-09T00:30:00Z,583ec9d6-fb46-11e1-82cb-f4ce4684ea4c,583ec773-fb46-11e1-82cb-f4ce4684ea4c,Brooklyn Nets,Cleveland Cavaliers,88,110
2014,785bc6e0-61a7-41a3-813e-3d50984b04b8,2014-12-10T00:00:00Z,583ec773-fb46-11e1-82cb-f4ce4684ea4c,583ecda6-fb46-11e1-82cb-f4ce4684ea4c,Cleveland Cavaliers,Toronto Raptors,105,101
2014,67387102-2767-4ab1-9301-9c84d7224110,2014-12-12T01:00:00Z,583ecfff-fb46-11e1-82cb-f4ce4684ea4c,583ec773-fb46-11e1-82cb-f4ce4684ea4c,Oklahoma City Thunder,Cleveland Cavaliers,103,94
2014,06909f5f-24b5-4a8b-8fc5-22d529306432,2014-12-13T01:00:00Z,583ecc9a-fb46-11e1-82cb-f4ce4684ea4c,583ec773-fb46-11e1-82cb-f4ce4684ea4c,New Orleans Pelicans,Cleveland Cavaliers,119,114
2014,75851705-f3e9-459c-b074-c3d70595a848,2014-12-16T00:00:00Z,583ec773-fb46-11e1-82cb-f4ce4684ea4c,583ec97e-fb46-11e1-82cb-f4ce4684ea4c,Cleveland Cavaliers,Charlotte Hornets,97,88
2014,bffd6ed7-54b8-47ec-afb9-86b49a41bf86,2014-12-18T00:00:00Z,583ec773-fb46-11e1-82cb-f4ce4684ea4c,583ecb8f-fb46-11e1-82cb-f4ce4684ea4c,Cleveland Cavaliers,Atlanta Hawks,98,127
2014,50a1d7ef-27bb-42c8-9e12-4d85eb7a3374,2014-12-20T00:30:00Z,583ec773-fb46-11e1-82cb-f4ce4684ea4c,583ec9d6-fb46-11e1-82cb-f4ce4684ea4c,Cleveland Cavaliers,Brooklyn Nets,95,91
2014,8e230a1e-fbbd-4924-8ca4-e63cdc05a3c8,2014-12-21T21:30:00Z,583ec773-fb46-11e1-82cb-f4ce4684ea4c,583eca88-fb46-11e1-82cb-f4ce4684ea4c,Cleveland Cavaliers,Memphis Grizzlies,105,91
2014,c040f7ff-db97-4802-a485-b2d81b691b75,2014-12-24T00:00:00Z,583ec773-fb46-11e1-82cb-f4ce4684ea4c,583eca2f-fb46-11e1-82cb-f4ce4684ea4c,Cleveland Cavaliers,Minnesota Timberwolves,125,104
2014,0c8b4f8c-a180-426b-b3ef-24e76dcc3064,2014-12-25T22:00:00Z,583ecea6-fb46-11e1-82cb-f4ce4684ea4c,583ec773-fb46-11e1-82cb-f4ce4684ea4c,Miami Heat,Cleveland Cavaliers,101,91
2014,d1403703-81e7-4e93-b36b-8252c50dfe42,2014-12-27T00:00:00Z,583ed157-fb46-11e1-82cb-f4ce4684ea4c,583ec773-fb46-11e1-82cb-f4ce4684ea4c,Orlando Magic,Cleveland Cavaliers,89,98
2014,fcad6679-fb8e-4bc3-91d4-03ef4b33bb7a,2014-12-28T21:30:00Z,583ec773-fb46-11e1-82cb-f4ce4684ea4c,583ec928-fb46-11e1-82cb-f4ce4684ea4c,Cleveland Cavaliers,Detroit Pistons,80,103
2014,ec9171a3-98bf-47ac-9c2c-acfe8b6396f8,2014-12-31T00:30:00Z,583ecb8f-fb46-11e1-82cb-f4ce4684ea4c,583ec773-fb46-11e1-82cb-f4ce4684ea4c,Atlanta Hawks,Cleveland Cavaliers,109,101
2014,088cb56b-287b-4adc-ba8d-1e1b68f5a330,2015-01-01T00:00:00Z,583ec773-fb46-11e1-82cb-f4ce4684ea4c,583ecefd-fb46-11e1-82cb-f4ce4684ea4c,Cleveland Cavaliers,Milwaukee Bucks,80,96
2014,16b6d241-a0d9-4aac-b70d-c0cc5b14497d,2015-01-03T00:00:00Z,583ec97e-fb46-11e1-82cb-f4ce4684ea4c,583ec773-fb46-11e1-82cb-f4ce4684ea4c,Charlotte Hornets,Cleveland Cavaliers,87,91
2014,84e045fe-bc15-46d6-b820-4f47a84bc7ec,2015-01-04T18:00:00Z,583ec773-fb46-11e1-82cb-f4ce4684ea4c,583ecf50-fb46-11e1-82cb-f4ce4684ea4c,Cleveland Cavaliers,Dallas Mavericks,90,109
2014,c7f0a6a0-be57-40c6-9b21-c6f7ef37709a,2015-01-06T00:00:00Z,583ec87d-fb46-11e1-82cb-f4ce4684ea4c,583ec773-fb46-11e1-82cb-f4ce4684ea4c,Philadelphia 76ers,Cleveland Cavaliers,95,92
2014,d1be72c7-c2b4-432e-b0a7-014545259798,2015-01-08T00:00:00Z,583ec773-fb46-11e1-82cb-f4ce4684ea4c,583ecb3a-fb46-11e1-82cb-f4ce4684ea4c,Cleveland Cavaliers,Houston Rockets,93,105
2014,feeeb29c-2f83-40e5-ab63-1520e14002ab,2015-01-10T03:30:00Z,583ec825-fb46-11e1-82cb-f4ce4684ea4c,583ec773-fb46-11e1-82cb-f4ce4684ea4c,Golden State Warriors,Cleveland Cavaliers,112,94
2014,f51c7dfd-d61e-45a1-a6ce-4a5b04e3fdf9,2015-01-12T02:00:00Z,583ed0ac-fb46-11e1-82cb-f4ce4684ea4c,583ec773-fb46-11e1-82cb-f4ce4684ea4c,Sacramento Kings,Cleveland Cavaliers,103,84
2014,0bde4da0-f626-4593-bc21-3af9b94d08d7,2015-01-14T02:00:00Z,583ecfa8-fb46-11e1-82cb-f4ce4684ea4c,583ec773-fb46-11e1-82cb-f4ce4684ea4c,Phoenix Suns,Cleveland Cavaliers,107,100
2014,ee8c3487-82ca-4e05-b649-69623a930b71,2015-01-16T03:30:00Z,583ecae2-fb46-11e1-82cb-f4ce4684ea4c,583ec773-fb46-11e1-82cb-f4ce4684ea4c,Los Angeles Lakers,Cleveland Cavaliers,102,109
2014,1d1a16da-824f-49e3-9d6d-9f5b1a38c1d3,2015-01-17T03:30:00Z,583ecdfb-fb46-11e1-82cb-f4ce4684ea4c,583ec773-fb46-11e1-82cb-f4ce4684ea4c,Los Angeles Clippers,Cleveland Cavaliers,121,126
2014,8d6bbad4-eca5-437a-a2a2-b2d9bb58f8d1,2015-01-20T00:30:00Z,583ec773-fb46-11e1-82cb-f4ce4684ea4c,583ec5fd-fb46-11e1-82cb-f4ce4684ea4c,Cleveland Cavaliers,Chicago Bulls,108,94
2014,87b7f635-18b7-46ce-8e32-af99f886d363,2015-01-22T00:00:00Z,583ec773-fb46-11e1-82cb-f4ce4684ea4c,583ece50-fb46-11e1-82cb-f4ce4684ea4c,Cleveland Cavaliers,Utah Jazz,106,92
2014,b2622030-955b-4459-969f-1aa111ea38fa,2015-01-24T00:30:00Z,583ec773-fb46-11e1-82cb-f4ce4684ea4c,583ec97e-fb46-11e1-82cb-f4ce4684ea4c,Cleveland Cavaliers,Charlotte Hornets,129,90
2014,9e5e1f57-0f6f-465e-82a3-decc2b9e9b9f,2015-01-25T20:30:00Z,583ec773-fb46-11e1-82cb-f4ce4684ea4c,583ecfff-fb46-11e1-82cb-f4ce4684ea4c,Cleveland Cavaliers,Oklahoma City Thunder,108,98
2014,62ce501e-d28c-4621-991f-af7034fcc06f,2015-01-28T00:30:00Z,583ec928-fb46-11e1-82cb-f4ce4684ea4c,583ec773-fb46-11e1-82cb-f4ce4684ea4c,Detroit Pistons,Cleveland Cavaliers,95,103
2014,ed8006bb-5176-44a4-bfbe-bd53b44291b6,2015-01-29T00:00:00Z,583ec773-fb46-11e1-82cb-f4ce4684ea4c,583ed056-fb46-11e1-82cb-f4ce4684ea4c,Cleveland Cavaliers,Portland Trail Blazers,99,94
2014,16d1cf4f-af0a-45e8-9978-2fc8a4709244,2015-01-31T00:30:00Z,583ec773-fb46-11e1-82cb-f4ce4684ea4c,583ed0ac-fb46-11e1-82cb-f4ce4684ea4c,Cleveland Cavaliers,Sacramento Kings,101,90
2014,0a3ad54b-2a0d-4939-af23-1e933ee34699,2015-02-01T01:00:00Z,583eca2f-fb46-11e1-82cb-f4ce4684ea4c,583ec773-fb46-11e1-82cb-f4ce4684ea4c,Minnesota Timberwolves,Cleveland Cavaliers,90,106
2014,cdaa08e6-9ad6-4a3a-a763-8589f4f2f9a8,2015-02-03T00:00:00Z,583ec773-fb46-11e1-82cb-f4ce4684ea4c,583ec87d-fb46-11e1-82cb-f4ce4684ea4c,Cleveland Cavaliers,Philadelphia 76ers,97,84
2014,7b8459c6-33f1-4b6c-8323-8bb9e1933091,2015-02-06T01:00:00Z,583ec773-fb46-11e1-82cb-f4ce4684ea4c,583ecdfb-fb46-11e1-82cb-f4ce4684ea4c,Cleveland Cavaliers,Los Angeles Clippers,105,94
2014,f615dacb-1190-49f6-bc95-a17b3671f517,2015-02-07T00:00:00Z,583ec7cd-fb46-11e1-82cb-f4ce4684ea4c,583ec773-fb46-11e1-82cb-f4ce4684ea4c,Indiana Pacers,Cleveland Cavaliers,103,99
2014,9d46285b-7c62-4157-9908-259145e26da5,2015-02-08T20:30:00Z,583ec773-fb46-11e1-82cb-f4ce4684ea4c,583ecae2-fb46-11e1-82cb-f4ce4684ea4c,Cleveland Cavaliers,Los Angeles Lakers,120,105
2014,df34c41d-2976-488c-bfc5-e9fb4a56c7d1,2015-02-12T01:00:00Z,583ec773-fb46-11e1-82cb-f4ce4684ea4c,583ecea6-fb46-11e1-82cb-f4ce4684ea4c,Cleveland Cavaliers,Miami Heat,113,93
2014,1f5d6fff-575b-4e98-b6eb-4dfc40c63198,2015-02-13T01:00:00Z,583ec5fd-fb46-11e1-82cb-f4ce4684ea4c,583ec773-fb46-11e1-82cb-f4ce4684ea4c,Chicago Bulls,Cleveland Cavaliers,113,98
2014,f24f89db-b93c-433d-93e6-2ff8013e1fa6,2015-02-21T01:00:00Z,583ec8d4-fb46-11e1-82cb-f4ce4684ea4c,583ec773-fb46-11e1-82cb-f4ce4684ea4c,Washington Wizards,Cleveland Cavaliers,89,127
2014,aff125b4-9fd2-4bc4-81e7-a84c0316a2a1,2015-02-22T18:00:00Z,583ec70e-fb46-11e1-82cb-f4ce4684ea4c,583ec773-fb46-11e1-82cb-f4ce4684ea4c,New York Knicks,Cleveland Cavaliers,83,101
2014,22dd51ed-46d6-45fd-87b4-4dbc7944602e,2015-02-25T00:30:00Z,583ec928-fb46-11e1-82cb-f4ce4684ea4c,583ec773-fb46-11e1-82cb-f4ce4684ea4c,Detroit Pistons,Cleveland Cavaliers,93,102
2014,4dc52e13-9f46-4717-8e66-405511505bd5,2015-02-27T01:00:00Z,583ec773-fb46-11e1-82cb-f4ce4684ea4c,583ec825-fb46-11e1-82cb-f4ce4684ea4c,Cleveland Cavaliers,Golden State Warriors,110,99
2014,2166e3c0-38e7-4f60-972c-3010653205c4,2015-02-28T00:00:00Z,583ec7cd-fb46-11e1-82cb-f4ce4684ea4c,583ec773-fb46-11e1-82cb-f4ce4684ea4c,Indiana Pacers,Cleveland Cavaliers,93,86
2014,5f3e21b7-faac-4305-831e-30e49c82c699,2015-03-01T20:30:00Z,583ecb3a-fb46-11e1-82cb-f4ce4684ea4c,583ec773-fb46-11e1-82cb-f4ce4684ea4c,Houston Rockets,Cleveland Cavaliers,105,103
2014,b7e0a29c-2528-42c3-b054-fda7458b833b,2015-03-04T00:00:00Z,583ec773-fb46-11e1-82cb-f4ce4684ea4c,583eccfa-fb46-11e1-82cb-f4ce4684ea4c,Cleveland Cavaliers,Boston Celtics,110,79
2014,70c59222-8926-4fc4-8663-4338653c2812,2015-03-05T00:30:00Z,583ecda6-fb46-11e1-82cb-f4ce4684ea4c,583ec773-fb46-11e1-82cb-f4ce4684ea4c,Toronto Raptors,Cleveland Cavaliers,112,120
2014,3f3aef0b-e8fc-4014-85d7-726155fa8504,2015-03-07T00:30:00Z,583ecb8f-fb46-11e1-82cb-f4ce4684ea4c,583ec773-fb46-11e1-82cb-f4ce4684ea4c,Atlanta Hawks,Cleveland Cavaliers,106,97
2014,3ffc0c63-71fc-4c9b-9c2d-a94aee7816f3,2015-03-08T00:30:00Z,583ec773-fb46-11e1-82cb-f4ce4684ea4c,583ecfa8-fb46-11e1-82cb-f4ce4684ea4c,Cleveland Cavaliers,Phoenix Suns,89,79
2014,ab482a08-2aba-4989-b674-cab205fd0831,2015-03-11T00:30:00Z,583ecf50-fb46-11e1-82cb-f4ce4684ea4c,583ec773-fb46-11e1-82cb-f4ce4684ea4c,Dallas Mavericks,Cleveland Cavaliers,94,127
2014,4cff927f-2fd8-41b2-bbad-5f01dd3b729d,2015-03-13T01:30:00Z,583ecd4f-fb46-11e1-82cb-f4ce4684ea4c,583ec773-fb46-11e1-82cb-f4ce4684ea4c,San Antonio Spurs,Cleveland Cavaliers,125,128
2014,32f114f6-85a0-438a-90c6-26c6394050c2,2015-03-15T22:00:00Z,583ed157-fb46-11e1-82cb-f4ce4684ea4c,583ec773-fb46-11e1-82cb-f4ce4684ea4c,Orlando Magic,Cleveland Cavaliers,108,123
2014,802766f3-1a40-46a9-9412-065e05baec75,2015-03-17T00:00:00Z,583ecea6-fb46-11e1-82cb-f4ce4684ea4c,583ec773-fb46-11e1-82cb-f4ce4684ea4c,Miami Heat,Cleveland Cavaliers,106,92
2014,51260c83-248d-4c2b-adbc-e3e1b1e6e42d,2015-03-18T23:00:00Z,583ec773-fb46-11e1-82cb-f4ce4684ea4c,583ec9d6-fb46-11e1-82cb-f4ce4684ea4c,Cleveland Cavaliers,Brooklyn Nets,117,92
2014,0899527c-4ea8-4aa6-bc66-cc0e6ba5c503,2015-03-20T23:30:00Z,583ec773-fb46-11e1-82cb-f4ce4684ea4c,583ec7cd-fb46-11e1-82cb-f4ce4684ea4c,Cleveland Cavaliers,Indiana Pacers,95,92
2014,0c91373f-056e-4727-8ce6-66c49a83eb63,2015-03-22T19:00:00Z,583ecefd-fb46-11e1-82cb-f4ce4684ea4c,583ec773-fb46-11e1-82cb-f4ce4684ea4c,Milwaukee Bucks,Cleveland Cavaliers,90,108
2014,3212a8d8-58f1-4ae1-8b76-2caa70b3bc5a,2015-03-26T00:00:00Z,583eca88-fb46-11e1-82cb-f4ce4684ea4c,583ec773-fb46-11e1-82cb-f4ce4684ea4c,Memphis Grizzlies,Cleveland Cavaliers,89,111
2014,df634b49-0406-4643-864b-9dbe5c850145,2015-03-27T23:30:00Z,583ec9d6-fb46-11e1-82cb-f4ce4684ea4c,583ec773-fb46-11e1-82cb-f4ce4684ea4c,Brooklyn Nets,Cleveland Cavaliers,106,98
2014,6149d1de-b9ae-42fc-a6cc-807f9dba1578,2015-03-29T20:30:00Z,583ec773-fb46-11e1-82cb-f4ce4684ea4c,583ec87d-fb46-11e1-82cb-f4ce4684ea4c,Cleveland Cavaliers,Philadelphia 76ers,87,86
2014,8b30d3d3-650c-4be7-8b71-fb3acf980610,2015-04-03T00:00:00Z,583ec773-fb46-11e1-82cb-f4ce4684ea4c,583ecea6-fb46-11e1-82cb-f4ce4684ea4c,Cleveland Cavaliers,Miami Heat,114,88
2014,e6fdc02b-5aa1-4dd9-9e25-029bb55444c7,2015-04-05T19:30:00Z,583ec773-fb46-11e1-82cb-f4ce4684ea4c,583ec5fd-fb46-11e1-82cb-f4ce4684ea4c,Cleveland Cavaliers,Chicago Bulls,99,94
2014,720c2da6-cba6-4921-a721-9c9f24ae4509,2015-04-09T00:00:00Z,583ecefd-fb46-11e1-82cb-f4ce4684ea4c,583ec773-fb46-11e1-82cb-f4ce4684ea4c,Milwaukee Bucks,Cleveland Cavaliers,99,104
2014,3189e5e2-3e55-4204-835d-b015c0033655,2015-04-10T23:30:00Z,583ec773-fb46-11e1-82cb-f4ce4684ea4c,583eccfa-fb46-11e1-82cb-f4ce4684ea4c,Cleveland Cavaliers,Boston Celtics,90,99
2014,fd0a6f0d-76d5-4c80-8307-16eee9c184e7,2015-04-12T19:00:00Z,583eccfa-fb46-11e1-82cb-f4ce4684ea4c,583ec773-fb46-11e1-82cb-f4ce4684ea4c,Boston Celtics,Cleveland Cavaliers,117,78
2014,ea74a33c-464a-4cb9-9266-f836c424c723,2015-04-13T23:00:00Z,583ec773-fb46-11e1-82cb-f4ce4684ea4c,583ec928-fb46-11e1-82cb-f4ce4684ea4c,Cleveland Cavaliers,Detroit Pistons,109,97
2014,45f5fac7-1396-441b-8d0e-758eff87e6c6,2015-04-16T00:00:00Z,583ec773-fb46-11e1-82cb-f4ce4684ea4c,583ec8d4-fb46-11e1-82cb-f4ce4684ea4c,Cleveland Cavaliers,Washington Wizards,113,108
2015,f00b4cf7-4722-4ffb-8d6a-9d378f370228,2015-10-28T00:00:00Z,583ec5fd-fb46-11e1-82cb-f4ce4684ea4c,583ec773-fb46-11e1-82cb-f4ce4684ea4c,Chicago Bulls,Cleveland Cavaliers,97,95
2015,ef8bc44e-1d01-4e62-98f1-3922338403db,2015-10-29T00:00:00Z,583eca88-fb46-11e1-82cb-f4ce4684ea4c,583ec773-fb46-11e1-82cb-f4ce4684ea4c,Memphis Grizzlies,Cleveland Cavaliers,76,106
2015,5a1e65f6-e8fa-4593-b3a5-f35f2ddbd510,2015-10-30T23:00:00Z,583ec773-fb46-11e1-82cb-f4ce4684ea4c,583ecea6-fb46-11e1-82cb-f4ce4684ea4c,Cleveland Cavaliers,Miami Heat,102,92
2015,36ba176c-1053-4a00-a460-7b2c36eefffb,2015-11-03T00:00:00Z,583ec87d-fb46-11e1-82cb-f4ce4684ea4c,583ec773-fb46-11e1-82cb-f4ce4684ea4c,Philadelphia 76ers,Cleveland Cavaliers,100,107
2015,2890785f-4045-44a9-94ae-50d9cfe9c2ee,2015-11-05T01:00:00Z,583ec773-fb46-11e1-82cb-f4ce4684ea4c,583ec70e-fb46-11e1-82cb-f4ce4684ea4c,Cleveland Cavaliers,New York Knicks,96,86
2015,7436c9b9-deab-445b-8b70-a5e189cd7034,2015-11-07T00:30:00Z,583ec773-fb46-11e1-82cb-f4ce4684ea4c,583ec87d-fb46-11e1-82cb-f4ce4684ea4c,Cleveland Cavaliers,Philadelphia 76ers,108,102
2015,efe0e1d3-2e33-43f5-8d98-ed361b486b16,2015-11-08T20:30:00Z,583ec773-fb46-11e1-82cb-f4ce4684ea4c,583ec7cd-fb46-11e1-82cb-f4ce4684ea4c,Cleveland Cavaliers,Indiana Pacers,101,97
2015,fee7deaf-9802-4e2f-924b-f4a29e6aac35,2015-11-11T00:00:00Z,583ec773-fb46-11e1-82cb-f4ce4684ea4c,583ece50-fb46-11e1-82cb-f4ce4684ea4c,Cleveland Cavaliers,Utah Jazz,118,114
2015,da4e64ca-8b51-443b-bf62-e3f957dfb14b,2015-11-14T00:30:00Z,583ec70e-fb46-11e1-82cb-f4ce4684ea4c,583ec773-fb46-11e1-82cb-f4ce4684ea4c,New York Knicks,Cleveland Cavaliers,84,90
2015,64626934-3691-4332-b5bc-2f41d33ea2b7,2015-11-15T01:30:00Z,583ecefd-fb46-11e1-82cb-f4ce4684ea4c,583ec773-fb46-11e1-82cb-f4ce4684ea4c,Milwaukee Bucks,Cleveland Cavaliers,108,105
2015,ac939af5-1850-48a1-9754-05f8689861cb,2015-11-18T00:30:00Z,583ec928-fb46-11e1-82cb-f4ce4684ea4c,583ec773-fb46-11e1-82cb-f4ce4684ea4c,Detroit Pistons,Cleveland Cavaliers,104,99
2015,1230613d-b39b-4d60-a5a0-37c97ee56450,2015-11-20T01:00:00Z,583ec773-fb46-11e1-82cb-f4ce4684ea4c,583ecefd-fb46-11e1-82cb-f4ce4684ea4c,Cleveland Cavaliers,Milwaukee Bucks,115,100
2015,75a8f140-1ec1-4555-857d-95f37b4d2ac9,2015-11-22T00:30:00Z,583ec773-fb46-11e1-82cb-f4ce4684ea4c,583ecb8f-fb46-11e1-82cb-f4ce4684ea4c,Cleveland Cavaliers,Atlanta Hawks,109,97
2015,2b1f6a5f-e875-492f-be2f-9911abc6bde5,2015-11-24T00:00:00Z,583ec773-fb46-11e1-82cb-f4ce4684ea4c,583ed157-fb46-11e1-82cb-f4ce4684ea4c,Cleveland Cavaliers,Orlando Magic,117,103
2015,1e80fb69-54c2-48dd-bdae-dece319984d1,2015-11-26T00:30:00Z,583ecda6-fb46-11e1-82cb-f4ce4684ea4c,583ec773-fb46-11e1-82cb-f4ce4684ea4c,Toronto Raptors,Cleveland Cavaliers,103,99
2015,18710ac1-e0f4-446b-bee2-4a6a1b00f390,2015-11-28T00:00:00Z,583ec97e-fb46-11e1-82cb-f4ce4684ea4c,583ec773-fb46-11e1-82cb-f4ce4684ea4c,Charlotte Hornets,Cleveland Cavaliers,90,95
2015,4bbb08a6-4139-44ec-a602-f9057492e003,2015-11-29T00:30:00Z,583ec773-fb46-11e1-82cb-f4ce4684ea4c,583ec9d6-fb46-11e1-82cb-f4ce4684ea4c,Cleveland Cavaliers,Brooklyn Nets,90,88
2015,3c57b0f2-fed7-48f7-9fdb-f4ab9e161388,2015-12-02T00:00:00Z,583ec773-fb46-11e1-82cb-f4ce4684ea4c,583ec8d4-fb46-11e1-82cb-f4ce4684ea4c,Cleveland Cavaliers,Washington Wizards,85,97
2015,50eebd41-46e5-47b6-a69d-ae5112d9da92,2015-12-05T02:30:00Z,583ecc9a-fb46-11e1-82cb-f4ce4684ea4c,583ec773-fb46-11e1-82cb-f4ce4684ea4c,New Orleans Pelicans,Cleveland Cavaliers,114,108
2015,bc310eff-5741-4d26-abb1-e9eeaf099a5c,2015-12-06T01:00:00Z,583ecea6-fb46-11e1-82cb-f4ce4684ea4c,583ec773-fb46-11e1-82cb-f4ce4684ea4c,Miami Heat,Cleveland Cavaliers,99,84
2015,194d4daf-cfa2-449f-b418-e87a9592d616,2015-12-09T00:00:00Z,583ec773-fb46-11e1-82cb-f4ce4684ea4c,583ed056-fb46-11e1-82cb-f4ce4684ea4c,Cleveland Cavaliers,Portland Trail Blazers,105,100
2015,506342da-e28f-4bde-8a5f-25d780b01df6,2015-12-12T00:00:00Z,583ed157-fb46-11e1-82cb-f4ce4684ea4c,583ec773-fb46-11e1-82cb-f4ce4684ea4c,Orlando Magic,Cleveland Cavaliers,76,111
2015,1ae715b0-3552-4370-adea-78670d7d0b63,2015-12-16T00:30:00Z,583eccfa-fb46-11e1-82cb-f4ce4684ea4c,583ec773-fb46-11e1-82cb-f4ce4684ea4c,Boston Celtics,Cleveland Cavaliers,77,89
2015,d1ce2699-c549-4d7e-b642-5746b939fa21,2015-12-18T01:00:00Z,583ec773-fb46-11e1-82cb-f4ce4684ea4c,583ecfff-fb46-11e1-82cb-f4ce4684ea4c,Cleveland Cavaliers,Oklahoma City Thunder,104,100
2015,3aa1a5c1-3362-4e2d-aa5f-105745804972,2015-12-20T20:30:00Z,583ec773-fb46-11e1-82cb-f4ce4684ea4c,583ec87d-fb46-11e1-82cb-f4ce4684ea4c,Cleveland Cavaliers,Philadelphia 76ers,108,86
2015,bb271c23-e498-4cc9-96ae-34f4e603fd40,2015-12-24T00:00:00Z,583ec773-fb46-11e1-82cb-f4ce4684ea4c,583ec70e-fb46-11e1-82cb-f4ce4684ea4c,Cleveland Cavaliers,New York Knicks,91,84
2015,5555b7c6-3034-447f-894e-2f2dc4121ea3,2015-12-25T22:00:00Z,583ec825-fb46-11e1-82cb-f4ce4684ea4c,583ec773-fb46-11e1-82cb-f4ce4684ea4c,Golden State Warriors,Cleveland Cavaliers,89,83
2015,04b1c631-f258-4422-b261-66de3996f508,2015-12-27T03:00:00Z,583ed056-fb46-11e1-82cb-f4ce4684ea4c,583ec773-fb46-11e1-82cb-f4ce4684ea4c,Portland Trail Blazers,Cleveland Cavaliers,105,76
2015,a058f180-437c-4ca1-a8f9-73b28787931c,2015-12-29T02:00:00Z,583ecfa8-fb46-11e1-82cb-f4ce4684ea4c,583ec773-fb46-11e1-82cb-f4ce4684ea4c,Phoenix Suns,Cleveland Cavaliers,97,101
2015,344469b0-13bd-4f72-aa2e-9c2edb79b00f,2015-12-30T02:00:00Z,583ed102-fb46-11e1-82cb-f4ce4684ea4c,583ec773-fb46-11e1-82cb-f4ce4684ea4c,Denver Nuggets,Cleveland Cavaliers,87,93
2015,25b08c77-8f15-4365-91ae-4126e51eb760,2016-01-03T00:30:00Z,583ec773-fb46-11e1-82cb-f4ce4684ea4c,583ed157-fb46-11e1-82cb-f4ce4684ea4c,Cleveland Cavaliers,Orlando Magic,104,79
2015,ce073702-5b5d-4bf9-bbdc-4fe9e342d1cf,2016-01-05T00:00:00Z,583ec773-fb46-11e1-82cb-f4ce4684ea4c,583ecda6-fb46-11e1-82cb-f4ce4684ea4c,Cleveland Cavaliers,Toronto Raptors,122,100
2015,49c30327-82d8-4868-8480-0a165c6f3855,2016-01-07T00:00:00Z,583ec8d4-fb46-11e1-82cb-f4ce4684ea4c,583ec773-fb46-11e1-82cb-f4ce4684ea4c,Washington Wizards,Cleveland Cavaliers,115,121
2015,e5c88848-50dc-4446-9119-3d29feb20335,2016-01-09T01:00:00Z,583eca2f-fb46-11e1-82cb-f4ce4684ea4c,583ec773-fb46-11e1-82cb-f4ce4684ea4c,Minnesota Timberwolves,Cleveland Cavaliers,99,125
2015,9ae11d21-3355-4728-b093-25cc72e0b002,2016-01-10T23:00:00Z,583ec87d-fb46-11e1-82cb-f4ce4684ea4c,583ec773-fb46-11e1-82cb-f4ce4684ea4c,Philadelphia 76ers,Cleveland Cavaliers,85,95
2015,3fff792b-b1cf-4346-9917-432da448c376,2016-01-13T01:30:00Z,583ecf50-fb46-11e1-82cb-f4ce4684ea4c,583ec773-fb46-11e1-82cb-f4ce4684ea4c,Dallas Mavericks,Cleveland Cavaliers,107,110
2015,f548beef-1113-41d0-b4df-ea5d0f4f37f5,2016-01-15T01:00:00Z,583ecd4f-fb46-11e1-82cb-f4ce4684ea4c,583ec773-fb46-11e1-82cb-f4ce4684ea4c,San Antonio Spurs,Cleveland Cavaliers,99,95
2015,74e5e45a-3382-49c9-bd64-01df86a976c0,2016-01-16T02:30:00Z,583ecb3a-fb46-11e1-82cb-f4ce4684ea4c,583ec773-fb46-11e1-82cb-f4ce4684ea4c,Houston Rockets,Cleveland Cavaliers,77,91
2015,66c6c5be-808f-4aaf-8f9c-b3a3677f5974,2016-01-19T01:00:00Z,583ec773-fb46-11e1-82cb-f4ce4684ea4c,583ec825-fb46-11e1-82cb-f4ce4684ea4c,Cleveland Cavaliers,Golden State Warriors,98,132
2015,c0fcf9ad-3c9e-4e1e-bfa0-06033083eb06,2016-01-21T00:30:00Z,583ec9d6-fb46-11e1-82cb-f4ce4684ea4c,583ec773-fb46-11e1-82cb-f4ce4684ea4c,Brooklyn Nets,Cleveland Cavaliers,78,91
2015,0d591ce2-a40b-49b3-bc0e-763b85e1e29e,2016-01-22T01:00:00Z,583ec773-fb46-11e1-82cb-f4ce4684ea4c,583ecdfb-fb46-11e1-82cb-f4ce4684ea4c,Cleveland Cavaliers,Los Angeles Clippers,115,102
2015,cf1b7aff-02d9-4743-b44a-1a119cea530d,2016-01-24T01:30:00Z,583ec773-fb46-11e1-82cb-f4ce4684ea4c,583ec5fd-fb46-11e1-82cb-f4ce4684ea4c,Cleveland Cavaliers,Chicago Bulls,83,96
2015,95e19333-7c90-4b63-95a9-0db23fa78e2f,2016-01-26T00:00:00Z,583ec773-fb46-11e1-82cb-f4ce4684ea4c,583eca2f-fb46-11e1-82cb-f4ce4684ea4c,Cleveland Cavaliers,Minnesota Timberwolves,114,107
2015,1ca074f3-d451-4831-9026-e7ceebe9cef0,2016-01-28T00:00:00Z,583ec773-fb46-11e1-82cb-f4ce4684ea4c,583ecfa8-fb46-11e1-82cb-f4ce4684ea4c,Cleveland Cavaliers,Phoenix Suns,115,93
2015,e520db6f-fb5b-4924-8efd-3a7c3ed08348,2016-01-30T00:30:00Z,583ec928-fb46-11e1-82cb-f4ce4684ea4c,583ec773-fb46-11e1-82cb-f4ce4684ea4c,Detroit Pistons,Cleveland Cavaliers,106,114
2015,406d5b6c-18f1-4611-9c98-135142ef038c,2016-01-31T01:30:00Z,583ec773-fb46-11e1-82cb-f4ce4684ea4c,583ecd4f-fb46-11e1-82cb-f4ce4684ea4c,Cleveland Cavaliers,San Antonio Spurs,117,103
2015,5975fd71-b5e1-4778-9e8b-79b8b25612b2,2016-02-02T00:00:00Z,583ec7cd-fb46-11e1-82cb-f4ce4684ea4c,583ec773-fb46-11e1-82cb-f4ce4684ea4c,Indiana Pacers,Cleveland Cavaliers,106,111
2015,31589799-11fd-48a9-9064-5d8ed3cf89cb,2016-02-04T00:00:00Z,583ec97e-fb46-11e1-82cb-f4ce4684ea4c,583ec773-fb46-11e1-82cb-f4ce4684ea4c,Charlotte Hornets,Cleveland Cavaliers,106,97
2015,8be307b4-c8c3-4ce5-8c93-53eb68101021,2016-02-06T00:30:00Z,583ec773-fb46-11e1-82cb-f4ce4684ea4c,583eccfa-fb46-11e1-82cb-f4ce4684ea4c,Cleveland Cavaliers,Boston Celtics,103,104
2015,1c843860-4e07-49b1-9aa8-001102fb0284,2016-02-07T00:30:00Z,583ec773-fb46-11e1-82cb-f4ce4684ea4c,583ecc9a-fb46-11e1-82cb-f4ce4684ea4c,Cleveland Cavaliers,New Orleans Pelicans,99,84
2015,c5dca037-18e9-4617-9686-2638249e69b5,2016-02-09T00:00:00Z,583ec773-fb46-11e1-82cb-f4ce4684ea4c,583ed0ac-fb46-11e1-82cb-f4ce4684ea4c,Cleveland Cavaliers,Sacramento Kings,120,100
2015,44dc82d6-bbe9-4c2d-82d3-95031584395c,2016-02-11T01:00:00Z,583ec773-fb46-11e1-82cb-f4ce4684ea4c,583ecae2-fb46-11e1-82cb-f4ce4684ea4c,Cleveland Cavaliers,Los Angeles Lakers,120,111
2015,9cb6c692-5230-48e8-b846-25f734bb7806,2016-02-19T01:00:00Z,583ec773-fb46-11e1-82cb-f4ce4684ea4c,583ec5fd-fb46-11e1-82cb-f4ce4684ea4c,Cleveland Cavaliers,Chicago Bulls,106,95
2015,ab892301-c25f-4eba-bc32-2c0ca1706cb8,2016-02-21T20:30:00Z,583ecfff-fb46-11e1-82cb-f4ce4684ea4c,583ec773-fb46-11e1-82cb-f4ce4684ea4c,Oklahoma City Thunder,Cleveland Cavaliers,92,115
2015,6ff2354c-f8fa-4755-b682-c60ca3243bf0,2016-02-23T00:00:00Z,583ec773-fb46-11e1-82cb-f4ce4684ea4c,583ec928-fb46-11e1-82cb-f4ce4684ea4c,Cleveland Cavaliers,Detroit Pistons,88,96
2015,cb44d2f7-0306-4b9c-a2a6-383924ca82a4,2016-02-25T00:00:00Z,583ec773-fb46-11e1-82cb-f4ce4684ea4c,583ec97e-fb46-11e1-82cb-f4ce4684ea4c,Cleveland Cavaliers,Charlotte Hornets,114,103
2015,bdbdd9f3-d6f2-4afc-be9c-68fcabaacb15,2016-02-27T00:30:00Z,583ecda6-fb46-11e1-82cb-f4ce4684ea4c,583ec773-fb46-11e1-82cb-f4ce4684ea4c,Toronto Raptors,Cleveland Cavaliers,99,97
2015,4dd9fbf7-25fb-4cb3-aeb0-e71ba85e132c,2016-02-28T18:00:00Z,583ec8d4-fb46-11e1-82cb-f4ce4684ea4c,583ec773-fb46-11e1-82cb-f4ce4684ea4c,Washington Wizards,Cleveland Cavaliers,113,99
2015,2c8bce38-36de-48e1-8649-2ee36a2032eb,2016-03-01T00:00:00Z,583ec773-fb46-11e1-82cb-f4ce4684ea4c,583ec7cd-fb46-11e1-82cb-f4ce4684ea4c,Cleveland Cavaliers,Indiana Pacers,100,96
2015,c70ac45b-507a-48d8-a351-63018a92e235,2016-03-05T01:00:00Z,583ec773-fb46-11e1-82cb-f4ce4684ea4c,583ec8d4-fb46-11e1-82cb-f4ce4684ea4c,Cleveland Cavaliers,Washington Wizards,108,83
2015,054662ef-24ab-4b15-9a9f-1f08e909bb50,2016-03-06T00:00:00Z,583ec773-fb46-11e1-82cb-f4ce4684ea4c,583eccfa-fb46-11e1-82cb-f4ce4684ea4c,Cleveland Cavaliers,Boston Celtics,120,103
2015,a6cbfe49-2d46-4d8d-bdf8-ee53eeaa3585,2016-03-08T00:00:00Z,583ec773-fb46-11e1-82cb-f4ce4684ea4c,583eca88-fb46-11e1-82cb-f4ce4684ea4c,Cleveland Cavaliers,Memphis Grizzlies,103,106
2015,39190fb5-72d8-40ad-8206-94e1a43de66c,2016-03-10T03:00:00Z,583ed0ac-fb46-11e1-82cb-f4ce4684ea4c,583ec773-fb46-11e1-82cb-f4ce4684ea4c,Sacramento Kings,Cleveland Cavaliers,111,120
2015,25cffbf8-09ea-41ff-9864-23d6c24295ba,2016-03-11T03:30:00Z,583ecae2-fb46-11e1-82cb-f4ce4684ea4c,583ec773-fb46-11e1-82cb-f4ce4684ea4c,Los Angeles Lakers,Cleveland Cavaliers,108,120
2015,91c1343f-0b05-4f97-9db4-8d44dd53e865,2016-03-13T19:30:00Z,583ecdfb-fb46-11e1-82cb-f4ce4684ea4c,583ec773-fb46-11e1-82cb-f4ce4684ea4c,Los Angeles Clippers,Cleveland Cavaliers,90,114
2015,0760ca70-e6b1-40bd-961a-5cf792ab3710,2016-03-15T02:30:00Z,583ece50-fb46-11e1-82cb-f4ce4684ea4c,583ec773-fb46-11e1-82cb-f4ce4684ea4c,Utah Jazz,Cleveland Cavaliers,94,85
2015,22946350-228a-4ed7-8be9-c17dd9b2a867,2016-03-16T23:00:00Z,583ec773-fb46-11e1-82cb-f4ce4684ea4c,583ecf50-fb46-11e1-82cb-f4ce4684ea4c,Cleveland Cavaliers,Dallas Mavericks,99,98
2015,4d05ba9e-0ecf-4789-85fa-8f745dd74e3b,2016-03-18T23:00:00Z,583ed157-fb46-11e1-82cb-f4ce4684ea4c,583ec773-fb46-11e1-82cb-f4ce4684ea4c,Orlando Magic,Cleveland Cavaliers,103,109
2015,c355f53e-8729-4d42-a594-d33290a48b59,2016-03-19T23:30:00Z,583ecea6-fb46-11e1-82cb-f4ce4684ea4c,583ec773-fb46-11e1-82cb-f4ce4684ea4c,Miami Heat,Cleveland Cavaliers,122,101
2015,aee1539d-4407-4628-b75b-daa747edc030,2016-03-21T23:00:00Z,583ec773-fb46-11e1-82cb-f4ce4684ea4c,583ed102-fb46-11e1-82cb-f4ce4684ea4c,Cleveland Cavaliers,Denver Nuggets,124,91
2015,7adc67b3-a35d-478f-9839-643898662d7f,2016-03-23T23:00:00Z,583ec773-fb46-11e1-82cb-f4ce4684ea4c,583ecefd-fb46-11e1-82cb-f4ce4684ea4c,Cleveland Cavaliers,Milwaukee Bucks,113,104
2015,6af86515-672c-4c66-9d9a-b945f037eb13,2016-03-24T23:30:00Z,583ec9d6-fb46-11e1-82cb-f4ce4684ea4c,583ec773-fb46-11e1-82cb-f4ce4684ea4c,Brooklyn Nets,Cleveland Cavaliers,104,95
2015,84eb9052-0ede-4c69-a781-f41a78033ee4,2016-03-26T23:30:00Z,583ec70e-fb46-11e1-82cb-f4ce4684ea4c,583ec773-fb46-11e1-82cb-f4ce4684ea4c,New York Knicks,Cleveland Cavaliers,93,107
2015,53ea5b29-6d94-47c6-91a8-2da2e47361cf,2016-03-30T00:00:00Z,583ec773-fb46-11e1-82cb-f4ce4684ea4c,583ecb3a-fb46-11e1-82cb-f4ce4684ea4c,Cleveland Cavaliers,Houston Rockets,100,106
2015,81dc0272-29b4-44b5-8896-2358cffedd49,2016-03-31T23:00:00Z,583ec773-fb46-11e1-82cb-f4ce4684ea4c,583ec9d6-fb46-11e1-82cb-f4ce4684ea4c,Cleveland Cavaliers,Brooklyn Nets,107,87
2015,48039e1b-7730-42c7-89b8-671361435425,2016-04-02T00:00:00Z,583ecb8f-fb46-11e1-82cb-f4ce4684ea4c,583ec773-fb46-11e1-82cb-f4ce4684ea4c,Atlanta Hawks,Cleveland Cavaliers,108,110
2015,a4012146-da82-4964-86ca-df0d275a27d9,2016-04-03T19:30:00Z,583ec773-fb46-11e1-82cb-f4ce4684ea4c,583ec97e-fb46-11e1-82cb-f4ce4684ea4c,Cleveland Cavaliers,Charlotte Hornets,112,103
2015,712c0daa-cc97-4119-92e0-d67fb9a029fd,2016-04-06T00:00:00Z,583ecefd-fb46-11e1-82cb-f4ce4684ea4c,583ec773-fb46-11e1-82cb-f4ce4684ea4c,Milwaukee Bucks,Cleveland Cavaliers,80,109
2015,e9f56dbf-4fa0-4b27-a286-591a27b25525,2016-04-06T23:00:00Z,583ec7cd-fb46-11e1-82cb-f4ce4684ea4c,583ec773-fb46-11e1-82cb-f4ce4684ea4c,Indiana Pacers,Cleveland Cavaliers,123,109
2015,b9cd9df6-75b3-4ac1-9955-730769acf7d2,2016-04-10T00:30:00Z,583ec5fd-fb46-11e1-82cb-f4ce4684ea4c,583ec773-fb46-11e1-82cb-f4ce4684ea4c,Chicago Bulls,Cleveland Cavaliers,105,102
2015,b6f55635-d872-41cc-a8a5-75f24fb2e569,2016-04-11T23:00:00Z,583ec773-fb46-11e1-82cb-f4ce4684ea4c,583ecb8f-fb46-11e1-82cb-f4ce4684ea4c,Cleveland Cavaliers,Atlanta Hawks,109,94
2015,041ac149-d2bc-47fe-9411-578f75f79d31,2016-04-14T00:00:00Z,583ec773-fb46-11e1-82cb-f4ce4684ea4c,583ec928-fb46-11e1-82cb-f4ce4684ea4c,Cleveland Cavaliers,Detroit Pistons,110,112
2016,0da78f13-73ac-4465-8e31-ecc3029a5dc6,2016-10-25T23:30:00Z,583ec773-fb46-11e1-82cb-f4ce4684ea4c,583ec70e-fb46-11e1-82cb-f4ce4684ea4c,Cleveland Cavaliers,New York Knicks,117,88
2016,e72c8696-7107-46fc-adea-c5c2b448b610,2016-10-28T23:00:00Z,583ecda6-fb46-11e1-82cb-f4ce4684ea4c,583ec773-fb46-11e1-82cb-f4ce4684ea4c,Toronto Raptors,Cleveland Cavaliers,91,94
2016,ade577ce-fec1-4d4e-b762-32228a68fa3a,2016-10-29T23:30:00Z,583ec773-fb46-11e1-82cb-f4ce4684ea4c,583ed157-fb46-11e1-82cb-f4ce4684ea4c,Cleveland Cavaliers,Orlando Magic,105,99
2016,4a12b37f-9e67-4563-a953-e4436d1bdbb2,2016-11-01T22:00:00Z,583ec773-fb46-11e1-82cb-f4ce4684ea4c,583ecb3a-fb46-11e1-82cb-f4ce4684ea4c,Cleveland Cavaliers,Houston Rockets,128,120
2016,bc95f3c9-a78d-4c24-b6ad-195fe997bb9f,2016-11-04T00:00:00Z,583ec773-fb46-11e1-82cb-f4ce4684ea4c,583eccfa-fb46-11e1-82cb-f4ce4684ea4c,Cleveland Cavaliers,Boston Celtics,128,122
2016,40644363-e57a-44ac-b50a-4610c0e39527,2016-11-05T23:00:00Z,583ec87d-fb46-11e1-82cb-f4ce4684ea4c,583ec773-fb46-11e1-82cb-f4ce4684ea4c,Philadelphia 76ers,Cleveland Cavaliers,101,102
2016,35a64e45-75f1-4d7e-a855-37e9051733fc,2016-11-09T00:00:00Z,583ec773-fb46-11e1-82cb-f4ce4684ea4c,583ecb8f-fb46-11e1-82cb-f4ce4684ea4c,Cleveland Cavaliers,Atlanta Hawks,106,110
2016,bd44d1a9-e983-4527-8469-add1cb7975ad,2016-11-12T00:00:00Z,583ec8d4-fb46-11e1-82cb-f4ce4684ea4c,583ec773-fb46-11e1-82cb-f4ce4684ea4c,Washington Wizards,Cleveland Cavaliers,94,105
2016,df65c662-39fc-4f04-aee6-d3007dc92f37,2016-11-13T20:30:00Z,583ec773-fb46-11e1-82cb-f4ce4684ea4c,583ec97e-fb46-11e1-82cb-f4ce4684ea4c,Cleveland Cavaliers,Charlotte Hornets,100,93
2016,6dcc5003-0bd3-4d2c-97d7-fbda32dffff8,2016-11-16T00:00:00Z,583ec773-fb46-11e1-82cb-f4ce4684ea4c,583ecda6-fb46-11e1-82cb-f4ce4684ea4c,Cleveland Cavaliers,Toronto Raptors,121,117
2016,a5e27215-1a2e-4115-9d69-cb797563b491,2016-11-17T00:00:00Z,583ec7cd-fb46-11e1-82cb-f4ce4684ea4c,583ec773-fb46-11e1-82cb-f4ce4684ea4c,Indiana Pacers,Cleveland Cavaliers,103,93
2016,b8958343-b714-4637-876d-6116fd9d2100,2016-11-19T00:30:00Z,583ec773-fb46-11e1-82cb-f4ce4684ea4c,583ec928-fb46-11e1-82cb-f4ce4684ea4c,Cleveland Cavaliers,Detroit Pistons,104,81
2016,e887a20b-aa70-4a90-a860-b8c8b2c9649f,2016-11-24T00:00:00Z,583ec773-fb46-11e1-82cb-f4ce4684ea4c,583ed056-fb46-11e1-82cb-f4ce4684ea4c,Cleveland Cavaliers,Portland Trail Blazers,137,125
2016,36f638fd-2981-4fc9-b61a-0db9f788054f,2016-11-26T00:30:00Z,583ec773-fb46-11e1-82cb-f4ce4684ea4c,583ecf50-fb46-11e1-82cb-f4ce4684ea4c,Cleveland Cavaliers,Dallas Mavericks,128,90
2016,25dd0810-a0b9-4c76-8faf-b2cea6a57062,2016-11-27T18:00:00Z,583ec87d-fb46-11e1-82cb-f4ce4684ea4c,583ec773-fb46-11e1-82cb-f4ce4684ea4c,Philadelphia 76ers,Cleveland Cavaliers,108,112
2016,61d92aa5-e2b2-409e-aec8-5361d0971c3b,2016-11-30T01:00:00Z,583ecefd-fb46-11e1-82cb-f4ce4684ea4c,583ec773-fb46-11e1-82cb-f4ce4684ea4c,Milwaukee Bucks,Cleveland Cavaliers,118,101
2016,9a70ec3b-229b-4f45-b620-302027a23179,2016-12-02T01:00:00Z,583ec773-fb46-11e1-82cb-f4ce4684ea4c,583ecdfb-fb46-11e1-82cb-f4ce4684ea4c,Cleveland Cavaliers,Los Angeles Clippers,94,113
2016,b3b9bba9-9d76-4542-9180-0030cbf707f8,2016-12-03T01:00:00Z,583ec5fd-fb46-11e1-82cb-f4ce4684ea4c,583ec773-fb46-11e1-82cb-f4ce4684ea4c,Chicago Bulls,Cleveland Cavaliers,111,105
2016,f12da15a-ee21-45db-9144-6b3e80f73eb6,2016-12-06T00:30:00Z,583ecda6-fb46-11e1-82cb-f4ce4684ea4c,583ec773-fb46-11e1-82cb-f4ce4684ea4c,Toronto Raptors,Cleveland Cavaliers,112,116
2016,b6b76542-24b1-4e7e-891c-b5afe6543c83,2016-12-08T01:00:00Z,583ec70e-fb46-11e1-82cb-f4ce4684ea4c,583ec773-fb46-11e1-82cb-f4ce4684ea4c,New York Knicks,Cleveland Cavaliers,94,126
2016,ec4f25bb-e76d-4673-883d-1a4f0470cec6,2016-12-10T00:30:00Z,583ec773-fb46-11e1-82cb-f4ce4684ea4c,583ecea6-fb46-11e1-82cb-f4ce4684ea4c,Cleveland Cavaliers,Miami Heat,114,84
2016,deca4f1d-3caa-448c-b7c0-e32a31960069,2016-12-11T00:30:00Z,583ec773-fb46-11e1-82cb-f4ce4684ea4c,583ec97e-fb46-11e1-82cb-f4ce4684ea4c,Cleveland Cavaliers,Charlotte Hornets,116,105
2016,252fcebe-eb1d-49db-aae7-baa018209154,2016-12-14T00:00:00Z,583ec773-fb46-11e1-82cb-f4ce4684ea4c,583eca88-fb46-11e1-82cb-f4ce4684ea4c,Cleveland Cavaliers,Memphis Grizzlies,103,86
2016,19d34de9-6306-4fa0-a5a4-ed7693b28a01,2016-12-15T01:00:00Z,583eca88-fb46-11e1-82cb-f4ce4684ea4c,583ec773-fb46-11e1-82cb-f4ce4684ea4c,Memphis Grizzlies,Cleveland Cavaliers,93,85
2016,f45de39b-2c09-4d33-8b44-4a19ecc017f4,2016-12-18T00:30:00Z,583ec773-fb46-11e1-82cb-f4ce4684ea4c,583ecae2-fb46-11e1-82cb-f4ce4684ea4c,Cleveland Cavaliers,Los Angeles Lakers,119,108
2016,2ce7b095-b8ea-45e5-b8db-7ae75f754327,2016-12-21T01:00:00Z,583ecefd-fb46-11e1-82cb-f4ce4684ea4c,583ec773-fb46-11e1-82cb-f4ce4684ea4c,Milwaukee Bucks,Cleveland Cavaliers,108,114
2016,df61fceb-95c9-4d97-bb10-af8036d6f140,2016-12-22T00:00:00Z,583ec773-fb46-11e1-82cb-f4ce4684ea4c,583ecefd-fb46-11e1-82cb-f4ce4684ea4c,Cleveland Cavaliers,Milwaukee Bucks,113,102
2016,cdfe34b6-e9cb-4d47-8f9d-bd541d372335,2016-12-24T00:30:00Z,583ec773-fb46-11e1-82cb-f4ce4684ea4c,583ec9d6-fb46-11e1-82cb-f4ce4684ea4c,Cleveland Cavaliers,Brooklyn Nets,119,99
2016,d56d8b51-dc9f-404c-987a-8ba49fc2c854,2016-12-25T19:30:00Z,583ec773-fb46-11e1-82cb-f4ce4684ea4c,583ec825-fb46-11e1-82cb-f4ce4684ea4c,Cleveland Cavaliers,Golden State Warriors,109,108
2016,ef4b8db6-94ef-4deb-8f45-8ec8ad4315a7,2016-12-27T00:30:00Z,583ec928-fb46-11e1-82cb-f4ce4684ea4c,583ec773-fb46-11e1-82cb-f4ce4684ea4c,Detroit Pistons,Cleveland Cavaliers,106,90
2016,32b01bc0-7a74-4fd8-9846-0b40ab47266c,2016-12-30T01:00:00Z,583ec773-fb46-11e1-82cb-f4ce4684ea4c,583eccfa-fb46-11e1-82cb-f4ce4684ea4c,Cleveland Cavaliers,Boston Celtics,124,118
2016,351c9c29-0b5e-40ef-a7eb-5ad455c1ffc8,2017-01-01T00:00:00Z,583ec97e-fb46-11e1-82cb-f4ce4684ea4c,583ec773-fb46-11e1-82cb-f4ce4684ea4c,Charlotte Hornets,Cleveland Cavaliers,109,121
2016,65dea93f-907c-49e4-88bb-47c8ad02e423,2017-01-03T00:00:00Z,583ec773-fb46-11e1-82cb-f4ce4684ea4c,583ecc9a-fb46-11e1-82cb-f4ce4684ea4c,Cleveland Cavaliers,New Orleans Pelicans,90,82
2016,d37cb94b-36d8-48ca-a4dc-b742f897eec7,2017-01-05T01:00:00Z,583ec773-fb46-11e1-82cb-f4ce4684ea4c,583ec5fd-fb46-11e1-82cb-f4ce4684ea4c,Cleveland Cavaliers,Chicago Bulls,94,106
2016,dfda29f3-4720-42bb-ab0d-4fce67c3713e,2017-01-07T00:30:00Z,583ec9d6-fb46-11e1-82cb-f4ce4684ea4c,583ec773-fb46-11e1-82cb-f4ce4684ea4c,Brooklyn Nets,Cleveland Cavaliers,108,116
2016,806e5658-b4ca-4f56-ae9f-371b1f4b4319,2017-01-09T01:30:00Z,583ecfa8-fb46-11e1-82cb-f4ce4684ea4c,583ec773-fb46-11e1-82cb-f4ce4684ea4c,Phoenix Suns,Cleveland Cavaliers,116,120
2016,4fade561-59ff-4d6f-8b2b-38cd7a19326e,2017-01-11T02:00:00Z,583ece50-fb46-11e1-82cb-f4ce4684ea4c,583ec773-fb46-11e1-82cb-f4ce4684ea4c,Utah Jazz,Cleveland Cavaliers,100,92
2016,c4c1e4e2-3bb2-4dbb-a701-f4f064c9badb,2017-01-12T03:30:00Z,583ed056-fb46-11e1-82cb-f4ce4684ea4c,583ec773-fb46-11e1-82cb-f4ce4684ea4c,Portland Trail Blazers,Cleveland Cavaliers,102,86
2016,d2ab457c-63f6-489b-b129-2a64994d0ed1,2017-01-14T03:30:00Z,583ed0ac-fb46-11e1-82cb-f4ce4684ea4c,583ec773-fb46-11e1-82cb-f4ce4684ea4c,Sacramento Kings,Cleveland Cavaliers,108,120
2016,fa98438a-3577-43cf-8f16-0228e462d872,2017-01-17T01:00:00Z,583ec825-fb46-11e1-82cb-f4ce4684ea4c,583ec773-fb46-11e1-82cb-f4ce4684ea4c,Golden State Warriors,Cleveland Cavaliers,126,91
2016,ef5fa9ec-af00-43ee-839f-2be37db72d44,2017-01-20T00:00:00Z,583ec773-fb46-11e1-82cb-f4ce4684ea4c,583ecfa8-fb46-11e1-82cb-f4ce4684ea4c,Cleveland Cavaliers,Phoenix Suns,118,103
2016,d470c0a2-c2fa-450e-9b65-70328a4b7efa,2017-01-22T01:30:00Z,583ec773-fb46-11e1-82cb-f4ce4684ea4c,583ecd4f-fb46-11e1-82cb-f4ce4684ea4c,Cleveland Cavaliers,San Antonio Spurs,115,118
2016,ca0fa0ce-177a-4c73-bad1-4253bf8e2355,2017-01-24T01:00:00Z,583ecc9a-fb46-11e1-82cb-f4ce4684ea4c,583ec773-fb46-11e1-82cb-f4ce4684ea4c,New Orleans Pelicans,Cleveland Cavaliers,124,122
2016,18ae74b3-5f94-4471-b630-70f6a27303e8,2017-01-26T00:00:00Z,583ec773-fb46-11e1-82cb-f4ce4684ea4c,583ed0ac-fb46-11e1-82cb-f4ce4684ea4c,Cleveland Cavaliers,Sacramento Kings,112,116
2016,8a9c6649-422d-4a66-93aa-2367f0bb26ff,2017-01-28T00:30:00Z,583ec773-fb46-11e1-82cb-f4ce4684ea4c,583ec9d6-fb46-11e1-82cb-f4ce4684ea4c,Cleveland Cavaliers,Brooklyn Nets,124,116
2016,f07ecf10-a55a-4972-a372-488b754996de,2017-01-29T20:30:00Z,583ec773-fb46-11e1-82cb-f4ce4684ea4c,583ecfff-fb46-11e1-82cb-f4ce4684ea4c,Cleveland Cavaliers,Oklahoma City Thunder,107,91
2016,86a97935-7535-4d24-97eb-6b7ce7e8677f,2017-01-31T01:30:00Z,583ecf50-fb46-11e1-82cb-f4ce4684ea4c,583ec773-fb46-11e1-82cb-f4ce4684ea4c,Dallas Mavericks,Cleveland Cavaliers,104,97
2016,de198b5a-e53e-469d-8976-c6bf9a30dde7,2017-02-02T00:00:00Z,583ec773-fb46-11e1-82cb-f4ce4684ea4c,583eca2f-fb46-11e1-82cb-f4ce4684ea4c,Cleveland Cavaliers,Minnesota Timberwolves,125,97
2016,aca1312f-8cf4-4b27-a174-d46ed960deea,2017-02-05T01:30:00Z,583ec70e-fb46-11e1-82cb-f4ce4684ea4c,583ec773-fb46-11e1-82cb-f4ce4684ea4c,New York Knicks,Cleveland Cavaliers,104,111
2016,e5f6fdd5-f131-4b23-a848-01d3376a32cc,2017-02-07T00:00:00Z,583ec8d4-fb46-11e1-82cb-f4ce4684ea4c,583ec773-fb46-11e1-82cb-f4ce4684ea4c,Washington Wizards,Cleveland Cavaliers,135,140
2016,ab60cd1a-8bb1-450e-9b2e-b5d2fd67ad5f,2017-02-09T00:00:00Z,583ec7cd-fb46-11e1-82cb-f4ce4684ea4c,583ec773-fb46-11e1-82cb-f4ce4684ea4c,Indiana Pacers,Cleveland Cavaliers,117,132
2016,7990de27-5bd1-427c-9ee4-c79b49b7fd35,2017-02-10T01:00:00Z,583ecfff-fb46-11e1-82cb-f4ce4684ea4c,583ec773-fb46-11e1-82cb-f4ce4684ea4c,Oklahoma City Thunder,Cleveland Cavaliers,118,109
2016,9dc13684-c997-4dca-b0ff-00dcddd4d6c1,2017-02-12T00:30:00Z,583ec773-fb46-11e1-82cb-f4ce4684ea4c,583ed102-fb46-11e1-82cb-f4ce4684ea4c,Cleveland Cavaliers,Denver Nuggets,125,109
2016,c54c35a1-a9fa-4712-9228-7a95189b5b69,2017-02-15T01:00:00Z,583eca2f-fb46-11e1-82cb-f4ce4684ea4c,583ec773-fb46-11e1-82cb-f4ce4684ea4c,Minnesota Timberwolves,Cleveland Cavaliers,108,116
2016,c0f366ef-4883-417d-9b68-8905f71a0697,2017-02-16T00:00:00Z,583ec773-fb46-11e1-82cb-f4ce4684ea4c,583ec7cd-fb46-11e1-82cb-f4ce4684ea4c,Cleveland Cavaliers,Indiana Pacers,113,104
2016,2acba284-95f3-458f-abfc-97523b56c986,2017-02-24T01:00:00Z,583ec773-fb46-11e1-82cb-f4ce4684ea4c,583ec70e-fb46-11e1-82cb-f4ce4684ea4c,Cleveland Cavaliers,New York Knicks,119,104
2016,782d5e11-e657-45ff-93d4-23e075047dd5,2017-02-26T01:30:00Z,583ec773-fb46-11e1-82cb-f4ce4684ea4c,583ec5fd-fb46-11e1-82cb-f4ce4684ea4c,Cleveland Cavaliers,Chicago Bulls,99,117
2016,a1720c4c-2946-423e-8285-9d74083d2206,2017-02-28T00:00:00Z,583ec773-fb46-11e1-82cb-f4ce4684ea4c,583ecefd-fb46-11e1-82cb-f4ce4684ea4c,Cleveland Cavaliers,Milwaukee Bucks,102,95
2016,59baa942-b83e-4113-9cf7-6894c3050f44,2017-03-02T01:00:00Z,583eccfa-fb46-11e1-82cb-f4ce4684ea4c,583ec773-fb46-11e1-82cb-f4ce4684ea4c,Boston Celtics,Cleveland Cavaliers,103,99
2016,3306537c-b9ca-49ac-9fb0-b0daad1f0361,2017-03-04T00:00:00Z,583ecb8f-fb46-11e1-82cb-f4ce4684ea4c,583ec773-fb46-11e1-82cb-f4ce4684ea4c,Atlanta Hawks,Cleveland Cavaliers,130,135
2016,2390a252-bae7-4d7c-be5c-81f252a54666,2017-03-05T01:00:00Z,583ecea6-fb46-11e1-82cb-f4ce4684ea4c,583ec773-fb46-11e1-82cb-f4ce4684ea4c,Miami Heat,Cleveland Cavaliers,120,92
2016,125ea9ff-0a58-4295-bf2e-a1b21d6b7b90,2017-03-07T00:00:00Z,583ec773-fb46-11e1-82cb-f4ce4684ea4c,583ecea6-fb46-11e1-82cb-f4ce4684ea4c,Cleveland Cavaliers,Miami Heat,98,106
2016,6db86c40-4801-475a-8d05-36136d5a71c5,2017-03-10T00:30:00Z,583ec928-fb46-11e1-82cb-f4ce4684ea4c,583ec773-fb46-11e1-82cb-f4ce4684ea4c,Detroit Pistons,Cleveland Cavaliers,106,101
2016,aa80db20-75cc-4143-9232-cceec62f4679,2017-03-12T00:00:00Z,583ed157-fb46-11e1-82cb-f4ce4684ea4c,583ec773-fb46-11e1-82cb-f4ce4684ea4c,Orlando Magic,Cleveland Cavaliers,104,116
2016,0c6764e1-884d-479b-a8b1-fea2b55d8148,2017-03-13T01:00:00Z,583ecb3a-fb46-11e1-82cb-f4ce4684ea4c,583ec773-fb46-11e1-82cb-f4ce4684ea4c,Houston Rockets,Cleveland Cavaliers,117,112
2016,d8fd436f-bc8e-4210-b984-31c75bfcc188,2017-03-14T23:00:00Z,583ec773-fb46-11e1-82cb-f4ce4684ea4c,583ec928-fb46-11e1-82cb-f4ce4684ea4c,Cleveland Cavaliers,Detroit Pistons,128,96
2016,d35ad010-240a-472c-a925-09a88d6bc3dc,2017-03-16T23:00:00Z,583ec773-fb46-11e1-82cb-f4ce4684ea4c,583ece50-fb46-11e1-82cb-f4ce4684ea4c,Cleveland Cavaliers,Utah Jazz,91,83
2016,04215616-f700-4e75-9119-9c28e9474b24,2017-03-19T00:30:00Z,583ecdfb-fb46-11e1-82cb-f4ce4684ea4c,583ec773-fb46-11e1-82cb-f4ce4684ea4c,Los Angeles Clippers,Cleveland Cavaliers,108,78
2016,2681138b-bdd8-4e30-968d-a17738b98aaa,2017-03-20T01:30:00Z,583ecae2-fb46-11e1-82cb-f4ce4684ea4c,583ec773-fb46-11e1-82cb-f4ce4684ea4c,Los Angeles Lakers,Cleveland Cavaliers,120,125
2016,f86a46bf-3cc3-4fd5-8d74-13f4e6ce888d,2017-03-23T01:00:00Z,583ed102-fb46-11e1-82cb-f4ce4684ea4c,583ec773-fb46-11e1-82cb-f4ce4684ea4c,Denver Nuggets,Cleveland Cavaliers,126,113
2016,b8e384a6-8982-47fa-aa82-b623cf48becc,2017-03-24T23:00:00Z,583ec97e-fb46-11e1-82cb-f4ce4684ea4c,583ec773-fb46-11e1-82cb-f4ce4684ea4c,Charlotte Hornets,Cleveland Cavaliers,105,112
2016,8adf37ea-90c5-42bd-ae40-6219209a0a34,2017-03-25T23:30:00Z,583ec773-fb46-11e1-82cb-f4ce4684ea4c,583ec8d4-fb46-11e1-82cb-f4ce4684ea4c,Cleveland Cavaliers,Washington Wizards,115,127
2016,17015134-2008-4fc1-ac76-3d301ab5a34f,2017-03-28T00:00:00Z,583ecd4f-fb46-11e1-82cb-f4ce4684ea4c,583ec773-fb46-11e1-82cb-f4ce4684ea4c,San Antonio Spurs,Cleveland Cavaliers,103,74
2016,788bdd60-3159-442c-85aa-fd2eadd3d428,2017-03-31T00:00:00Z,583ec5fd-fb46-11e1-82cb-f4ce4684ea4c,583ec773-fb46-11e1-82cb-f4ce4684ea4c,Chicago Bulls,Cleveland Cavaliers,99,93
2016,b19a16ee-13d4-4dde-b373-74ef091483a1,2017-03-31T23:30:00Z,583ec773-fb46-11e1-82cb-f4ce4684ea4c,583ec87d-fb46-11e1-82cb-f4ce4684ea4c,Cleveland Cavaliers,Philadelphia 76ers,122,105
2016,d40bc205-850a-4cee-94b5-2bcf31b81528,2017-04-02T22:00:00Z,583ec773-fb46-11e1-82cb-f4ce4684ea4c,583ec7cd-fb46-11e1-82cb-f4ce4684ea4c,Cleveland Cavaliers,Indiana Pacers,135,130
2016,cc5dbbec-9e1c-415d-81ec-e34b2934dbbb,2017-04-04T23:00:00Z,583ec773-fb46-11e1-82cb-f4ce4684ea4c,583ed157-fb46-11e1-82cb-f4ce4684ea4c,Cleveland Cavaliers,Orlando Magic,122,102
2016,ecac9e33-5d8e-433f-9bf5-c14c78e7ef7d,2017-04-06T00:00:00Z,583eccfa-fb46-11e1-82cb-f4ce4684ea4c,583ec773-fb46-11e1-82cb-f4ce4684ea4c,Boston Celtics,Cleveland Cavaliers,91,114
2016,15f9ac33-8563-4649-b55e-01f82f112806,2017-04-07T23:30:00Z,583ec773-fb46-11e1-82cb-f4ce4684ea4c,583ecb8f-fb46-11e1-82cb-f4ce4684ea4c,Cleveland Cavaliers,Atlanta Hawks,100,114
2016,6f44ac5b-4e6e-463b-8c85-62c3235f4ed9,2017-04-09T19:30:00Z,583ecb8f-fb46-11e1-82cb-f4ce4684ea4c,583ec773-fb46-11e1-82cb-f4ce4684ea4c,Atlanta Hawks,Cleveland Cavaliers,126,125
2016,4e64d35e-87f7-4c2e-bfee-53fde7a9617c,2017-04-10T23:30:00Z,583ecea6-fb46-11e1-82cb-f4ce4684ea4c,583ec773-fb46-11e1-82cb-f4ce4684ea4c,Miami Heat,Cleveland Cavaliers,124,121
2016,2c733337-53bb-4f52-a592-bfd1655abe63,2017-04-13T00:00:00Z,583ec773-fb46-11e1-82cb-f4ce4684ea4c,583ecda6-fb46-11e1-82cb-f4ce4684ea4c,Cleveland Cavaliers,Toronto Raptors,83,98
2017,4c1b49cd-e114-4936-8a81-10b238cc5d45,2017-10-18T00:00:00Z,583ec773-fb46-11e1-82cb-f4ce4684ea4c,583eccfa-fb46-11e1-82cb-f4ce4684ea4c,Cleveland Cavaliers,Boston Celtics,102,99
2017,b6b97b97-9ef3-46bd-a28c-dfc5be5a9a50,2017-10-20T23:00:00Z,583ecefd-fb46-11e1-82cb-f4ce4684ea4c,583ec773-fb46-11e1-82cb-f4ce4684ea4c,Milwaukee Bucks,Cleveland Cavaliers,97,116
2017,a2a0e048-3967-4366-bcb0-4136340c99ce,2017-10-22T00:00:00Z,583ec773-fb46-11e1-82cb-f4ce4684ea4c,583ed157-fb46-11e1-82cb-f4ce4684ea4c,Cleveland Cavaliers,Orlando Magic,93,114
2017,fa6989b5-f3d5-4f09-99a8-bdc1ae95cd25,2017-10-24T23:00:00Z,583ec773-fb46-11e1-82cb-f4ce4684ea4c,583ec5fd-fb46-11e1-82cb-f4ce4684ea4c,Cleveland Cavaliers,Chicago Bulls,119,112
2017,0e8eeaaf-2e8b-430a-a442-b9d52f95daa1,2017-10-25T23:30:00Z,583ec9d6-fb46-11e1-82cb-f4ce4684ea4c,583ec773-fb46-11e1-82cb-f4ce4684ea4c,Brooklyn Nets,Cleveland Cavaliers,112,107
2017,cbfe51ae-6b3f-42f0-a0b8-9e73c3734c40,2017-10-28T23:00:00Z,583ecc9a-fb46-11e1-82cb-f4ce4684ea4c,583ec773-fb46-11e1-82cb-f4ce4684ea4c,New Orleans Pelicans,Cleveland Cavaliers,123,101
2017,cfc56398-43e8-4f0c-a136-8eedc00f5aeb,2017-10-29T23:00:00Z,583ec773-fb46-11e1-82cb-f4ce4684ea4c,583ec70e-fb46-11e1-82cb-f4ce4684ea4c,Cleveland Cavaliers,New York Knicks,95,114
2017,33cbc512-9fd0-497a-b3be-b3577e16d638,2017-11-01T23:00:00Z,583ec773-fb46-11e1-82cb-f4ce4684ea4c,583ec7cd-fb46-11e1-82cb-f4ce4684ea4c,Cleveland Cavaliers,Indiana Pacers,107,124
2017,9db88502-a611-4724-8d55-51125d5806c8,2017-11-03T23:00:00Z,583ec8d4-fb46-11e1-82cb-f4ce4684ea4c,583ec773-fb46-11e1-82cb-f4ce4684ea4c,Washington Wizards,Cleveland Cavaliers,122,130
2017,e44039e0-41d1-4096-b536-7f6cbbe51e1e,2017-11-05T20:00:00Z,583ec773-fb46-11e1-82cb-f4ce4684ea4c,583ecb8f-fb46-11e1-82cb-f4ce4684ea4c,Cleveland Cavaliers,Atlanta Hawks,115,117
2017,e587bff2-8a8c-4f82-aaa2-90c3cad0a7d8,2017-11-08T00:00:00Z,583ec773-fb46-11e1-82cb-f4ce4684ea4c,583ecefd-fb46-11e1-82cb-f4ce4684ea4c,Cleveland Cavaliers,Milwaukee Bucks,124,119
2017,da0a1f15-d215-466a-99dd-4727ba6537dc,2017-11-10T01:00:00Z,583ecb3a-fb46-11e1-82cb-f4ce4684ea4c,583ec773-fb46-11e1-82cb-f4ce4684ea4c,Houston Rockets,Cleveland Cavaliers,117,113
2017,a064dca9-a8cb-4932-a318-79f93934c594,2017-11-12T01:30:00Z,583ecf50-fb46-11e1-82cb-f4ce4684ea4c,583ec773-fb46-11e1-82cb-f4ce4684ea4c,Dallas Mavericks,Cleveland Cavaliers,104,111
2017,efda9bf3-e716-45df-85a4-95924331de7a,2017-11-14T00:30:00Z,583ec70e-fb46-11e1-82cb-f4ce4684ea4c,583ec773-fb46-11e1-82cb-f4ce4684ea4c,New York Knicks,Cleveland Cavaliers,101,104
2017,b86401e5-1d46-4dd0-b94a-23cf335544a4,2017-11-16T01:00:00Z,583ec97e-fb46-11e1-82cb-f4ce4684ea4c,583ec773-fb46-11e1-82cb-f4ce4684ea4c,Charlotte Hornets,Cleveland Cavaliers,107,115
2017,048221db-932a-4951-b136-bf3f1ebb440b,2017-11-18T00:30:00Z,583ec773-fb46-11e1-82cb-f4ce4684ea4c,583ecdfb-fb46-11e1-82cb-f4ce4684ea4c,Cleveland Cavaliers,Los Angeles Clippers,118,113
2017,cc0ca7f8-a279-4542-97e3-b26cab3651e1,2017-11-21T00:00:00Z,583ec928-fb46-11e1-82cb-f4ce4684ea4c,583ec773-fb46-11e1-82cb-f4ce4684ea4c,Detroit Pistons,Cleveland Cavaliers,88,116
2017,8d69e7f5-fe9c-4706-8e80-4fede4094d57,2017-11-23T00:00:00Z,583ec773-fb46-11e1-82cb-f4ce4684ea4c,583ec9d6-fb46-11e1-82cb-f4ce4684ea4c,Cleveland Cavaliers,Brooklyn Nets,119,109
2017,f9bd5d03-30f5-4c33-b44a-e11754765db3,2017-11-25T01:00:00Z,583ec773-fb46-11e1-82cb-f4ce4684ea4c,583ec97e-fb46-11e1-82cb-f4ce4684ea4c,Cleveland Cavaliers,Charlotte Hornets,100,99
2017,a7a06868-7582-4e03-8438-0f5dea959a53,2017-11-28T00:00:00Z,583ec87d-fb46-11e1-82cb-f4ce4684ea4c,583ec773-fb46-11e1-82cb-f4ce4684ea4c,Philadelphia 76ers,Cleveland Cavaliers,91,113
2017,868979ae-37cd-4ff3-82d0-c1a1f4a1d97c,2017-11-29T00:00:00Z,583ec773-fb46-11e1-82cb-f4ce4684ea4c,583ecea6-fb46-11e1-82cb-f4ce4684ea4c,Cleveland Cavaliers,Miami Heat,108,97
2017,0b4a6825-f894-4e0c-8a28-507bd81804b1,2017-12-01T00:30:00Z,583ecb8f-fb46-11e1-82cb-f4ce4684ea4c,583ec773-fb46-11e1-82cb-f4ce4684ea4c,Atlanta Hawks,Cleveland Cavaliers,114,121
2017,0e7cafe9-f6f0-4028-b845-4fa3daf38326,2017-12-03T00:30:00Z,583ec773-fb46-11e1-82cb-f4ce4684ea4c,583eca88-fb46-11e1-82cb-f4ce4684ea4c,Cleveland Cavaliers,Memphis Grizzlies,116,111
2017,315ef40a-d5ee-46bf-8fc2-560d777ad821,2017-12-05T01:00:00Z,583ec5fd-fb46-11e1-82cb-f4ce4684ea4c,583ec773-fb46-11e1-82cb-f4ce4684ea4c,Chicago Bulls,Cleveland Cavaliers,91,113
2017,65cc4959-ff54-4d17-be48-5c87af3f9eb2,2017-12-07T00:00:00Z,583ec773-fb46-11e1-82cb-f4ce4684ea4c,583ed0ac-fb46-11e1-82cb-f4ce4684ea4c,Cleveland Cavaliers,Sacramento Kings,101,95
2017,3baf524c-4fbf-40e9-99a0-dbb7658a3dab,2017-12-09T00:00:00Z,583ec7cd-fb46-11e1-82cb-f4ce4684ea4c,583ec773-fb46-11e1-82cb-f4ce4684ea4c,Indiana Pacers,Cleveland Cavaliers,106,102
2017,67d629ae-a8b2-4b3e-b233-634a9b7b82df,2017-12-10T01:00:00Z,583ec773-fb46-11e1-82cb-f4ce4684ea4c,583ec87d-fb46-11e1-82cb-f4ce4684ea4c,Cleveland Cavaliers,Philadelphia 76ers,105,98
2017,9cb905f5-410a-4b66-be0a-2642b0b02f48,2017-12-13T00:00:00Z,583ec773-fb46-11e1-82cb-f4ce4684ea4c,583ecb8f-fb46-11e1-82cb-f4ce4684ea4c,Cleveland Cavaliers,Atlanta Hawks,123,114
2017,49459651-6994-49fb-8789-47c4b2e2d40f,2017-12-15T01:00:00Z,583ec773-fb46-11e1-82cb-f4ce4684ea4c,583ecae2-fb46-11e1-82cb-f4ce4684ea4c,Cleveland Cavaliers,Los Angeles Lakers,121,112
2017,3ef73ff9-e925-4635-84ca-031e47029fd1,2017-12-17T00:30:00Z,583ec773-fb46-11e1-82cb-f4ce4684ea4c,583ece50-fb46-11e1-82cb-f4ce4684ea4c,Cleveland Cavaliers,Utah Jazz,109,100
2017,a0f4124e-7ce2-437c-8453-a09dad5e97a6,2017-12-17T23:00:00Z,583ec8d4-fb46-11e1-82cb-f4ce4684ea4c,583ec773-fb46-11e1-82cb-f4ce4684ea4c,Washington Wizards,Cleveland Cavaliers,99,106
2017,2f66f311-2d0d-4f7b-9fa8-5e0d0ce81884,2017-12-20T01:00:00Z,583ecefd-fb46-11e1-82cb-f4ce4684ea4c,583ec773-fb46-11e1-82cb-f4ce4684ea4c,Milwaukee Bucks,Cleveland Cavaliers,119,116
2017,38387785-50c2-4e08-8cc7-3f791452ad33,2017-12-22T00:00:00Z,583ec773-fb46-11e1-82cb-f4ce4684ea4c,583ec5fd-fb46-11e1-82cb-f4ce4684ea4c,Cleveland Cavaliers,Chicago Bulls,115,112
2017,0526b21d-be7a-445f-8a4a-bd15f66b2eb6,2017-12-25T20:00:00Z,583ec825-fb46-11e1-82cb-f4ce4684ea4c,583ec773-fb46-11e1-82cb-f4ce4684ea4c,Golden State Warriors,Cleveland Cavaliers,99,92
2017,43e945a6-7a1b-4371-93fe-a7aa0adf7cc0,2017-12-28T03:00:00Z,583ed0ac-fb46-11e1-82cb-f4ce4684ea4c,583ec773-fb46-11e1-82cb-f4ce4684ea4c,Sacramento Kings,Cleveland Cavaliers,109,95
2017,2149220d-c6df-4b6d-95d2-d015884d3485,2017-12-31T01:00:00Z,583ece50-fb46-11e1-82cb-f4ce4684ea4c,583ec773-fb46-11e1-82cb-f4ce4684ea4c,Utah Jazz,Cleveland Cavaliers,104,101
2017,4b96432c-4d8f-479a-983a-456bc98f2b4d,2018-01-03T00:00:00Z,583ec773-fb46-11e1-82cb-f4ce4684ea4c,583ed056-fb46-11e1-82cb-f4ce4684ea4c,Cleveland Cavaliers,Portland Trail Blazers,127,110
2017,12f8bcc7-5cb7-467c-abca-c68d4ddae057,2018-01-04T01:00:00Z,583eccfa-fb46-11e1-82cb-f4ce4684ea4c,583ec773-fb46-11e1-82cb-f4ce4684ea4c,Boston Celtics,Cleveland Cavaliers,102,88
2017,cbbcd675-8ff8-4cb4-b324-593203f986a1,2018-01-07T00:00:00Z,583ed157-fb46-11e1-82cb-f4ce4684ea4c,583ec773-fb46-11e1-82cb-f4ce4684ea4c,Orlando Magic,Cleveland Cavaliers,127,131
2017,5a34ca64-c0f5-4716-a222-39a6af1d4f39,2018-01-09T01:00:00Z,583eca2f-fb46-11e1-82cb-f4ce4684ea4c,583ec773-fb46-11e1-82cb-f4ce4684ea4c,Minnesota Timberwolves,Cleveland Cavaliers,127,99
2017,c3377e5b-a07e-4b71-9c40-6992dd6e0ce7,2018-01-12T01:00:00Z,583ecda6-fb46-11e1-82cb-f4ce4684ea4c,583ec773-fb46-11e1-82cb-f4ce4684ea4c,Toronto Raptors,Cleveland Cavaliers,133,99
2017,d1178c77-b2f9-435f-8146-aa5672477be3,2018-01-13T00:00:00Z,583ec7cd-fb46-11e1-82cb-f4ce4684ea4c,583ec773-fb46-11e1-82cb-f4ce4684ea4c,Indiana Pacers,Cleveland Cavaliers,97,95
2017,943887f6-39c4-4d8a-8bf0-af9df6382588,2018-01-16T01:00:00Z,583ec773-fb46-11e1-82cb-f4ce4684ea4c,583ec825-fb46-11e1-82cb-f4ce4684ea4c,Cleveland Cavaliers,Golden State Warriors,108,118
2017,030fe773-bb7e-4331-9a62-1a6bcaec143f,2018-01-19T00:00:00Z,583ec773-fb46-11e1-82cb-f4ce4684ea4c,583ed157-fb46-11e1-82cb-f4ce4684ea4c,Cleveland Cavaliers,Orlando Magic,104,103
2017,b201ab79-71a8-4fd1-a870-e20a980e450f,2018-01-20T20:30:00Z,583ec773-fb46-11e1-82cb-f4ce4684ea4c,583ecfff-fb46-11e1-82cb-f4ce4684ea4c,Cleveland Cavaliers,Oklahoma City Thunder,124,148
2017,77927e42-5534-4153-b1fa-7c3ee98646f3,2018-01-24T01:00:00Z,583ecd4f-fb46-11e1-82cb-f4ce4684ea4c,583ec773-fb46-11e1-82cb-f4ce4684ea4c,San Antonio Spurs,Cleveland Cavaliers,114,102
2017,fabd7024-2ea7-4ae6-8275-67d4017ea66f,2018-01-27T00:30:00Z,583ec773-fb46-11e1-82cb-f4ce4684ea4c,583ec7cd-fb46-11e1-82cb-f4ce4684ea4c,Cleveland Cavaliers,Indiana Pacers,115,108
2017,77702467-051a-45cb-bb74-3fdf303d4c93,2018-01-28T23:00:00Z,583ec773-fb46-11e1-82cb-f4ce4684ea4c,583ec928-fb46-11e1-82cb-f4ce4684ea4c,Cleveland Cavaliers,Detroit Pistons,121,104
2017,5f73071f-08d7-4f1f-9d9d-6d144e4c4c22,2018-01-31T01:00:00Z,583ec928-fb46-11e1-82cb-f4ce4684ea4c,583ec773-fb46-11e1-82cb-f4ce4684ea4c,Detroit Pistons,Cleveland Cavaliers,125,114
2017,91b6b237-4cf1-4c8e-9529-621497dbb367,2018-02-01T00:30:00Z,583ec773-fb46-11e1-82cb-f4ce4684ea4c,583ecea6-fb46-11e1-82cb-f4ce4684ea4c,Cleveland Cavaliers,Miami Heat,91,89
2017,c1ea27ec-08d0-49fc-966c-755ed9dbc668,2018-02-04T01:30:00Z,583ec773-fb46-11e1-82cb-f4ce4684ea4c,583ecb3a-fb46-11e1-82cb-f4ce4684ea4c,Cleveland Cavaliers,Houston Rockets,88,120
2017,f0cbc4a9-5704-42d6-8070-fcaab1ccca13,2018-02-07T00:00:00Z,583ed157-fb46-11e1-82cb-f4ce4684ea4c,583ec773-fb46-11e1-82cb-f4ce4684ea4c,Orlando Magic,Cleveland Cavaliers,116,98
2017,3ef1b9b9-0251-484f-83e6-97597ca2f736,2018-02-08T01:00:00Z,583ec773-fb46-11e1-82cb-f4ce4684ea4c,583eca2f-fb46-11e1-82cb-f4ce4684ea4c,Cleveland Cavaliers,Minnesota Timberwolves,140,138
2017,06b91765-b82c-4c95-a847-4f6f9d1ce795,2018-02-10T00:30:00Z,583ecb8f-fb46-11e1-82cb-f4ce4684ea4c,583ec773-fb46-11e1-82cb-f4ce4684ea4c,Atlanta Hawks,Cleveland Cavaliers,107,123
2017,bd72bb48-5bd1-47e0-9513-ef59fcd2eb08,2018-02-11T20:30:00Z,583eccfa-fb46-11e1-82cb-f4ce4684ea4c,583ec773-fb46-11e1-82cb-f4ce4684ea4c,Boston Celtics,Cleveland Cavaliers,99,121
2017,30317ac0-be35-4471-9e1e-85a7a4577d54,2018-02-14T01:00:00Z,583ecfff-fb46-11e1-82cb-f4ce4684ea4c,583ec773-fb46-11e1-82cb-f4ce4684ea4c,Oklahoma City Thunder,Cleveland Cavaliers,112,120
2017,2b4efdc7-3e32-4020-a975-992208f631c8,2018-02-23T01:00:00Z,583ec773-fb46-11e1-82cb-f4ce4684ea4c,583ec8d4-fb46-11e1-82cb-f4ce4684ea4c,Cleveland Cavaliers,Washington Wizards,103,110
2017,69d9fa99-24c8-4772-80bf-8d08a37ddfbf,2018-02-24T01:00:00Z,583eca88-fb46-11e1-82cb-f4ce4684ea4c,583ec773-fb46-11e1-82cb-f4ce4684ea4c,Memphis Grizzlies,Cleveland Cavaliers,89,112
2017,c23954d1-d51d-40ee-aafd-550f9337f538,2018-02-25T20:30:00Z,583ec773-fb46-11e1-82cb-f4ce4684ea4c,583ecd4f-fb46-11e1-82cb-f4ce4684ea4c,Cleveland Cavaliers,San Antonio Spurs,94,110
2017,0ebcd893-0d89-493d-b94e-0e37ff87e628,2018-02-28T00:00:00Z,583ec773-fb46-11e1-82cb-f4ce4684ea4c,583ec9d6-fb46-11e1-82cb-f4ce4684ea4c,Cleveland Cavaliers,Brooklyn Nets,129,123
2017,71cd3cca-b842-4afc-9b86-85fc42d349d0,2018-03-02T01:00:00Z,583ec773-fb46-11e1-82cb-f4ce4684ea4c,583ec87d-fb46-11e1-82cb-f4ce4684ea4c,Cleveland Cavaliers,Philadelphia 76ers,97,108
2017,3fe27c4e-5598-48a8-9020-684b96803039,2018-03-04T00:30:00Z,583ec773-fb46-11e1-82cb-f4ce4684ea4c,583ed102-fb46-11e1-82cb-f4ce4684ea4c,Cleveland Cavaliers,Denver Nuggets,117,126
2017,5f89d9f0-b13a-4ab1-9abc-aa70aabad848,2018-03-06T00:00:00Z,583ec773-fb46-11e1-82cb-f4ce4684ea4c,583ec928-fb46-11e1-82cb-f4ce4684ea4c,Cleveland Cavaliers,Detroit Pistons,112,90
2017,96db1237-4b5e-4c0a-88ad-666821b14723,2018-03-08T03:30:00Z,583ed102-fb46-11e1-82cb-f4ce4684ea4c,583ec773-fb46-11e1-82cb-f4ce4684ea4c,Denver Nuggets,Cleveland Cavaliers,108,113
2017,d3da9132-1a50-45e8-9e10-58f947b89ed3,2018-03-10T03:30:00Z,583ecdfb-fb46-11e1-82cb-f4ce4684ea4c,583ec773-fb46-11e1-82cb-f4ce4684ea4c,Los Angeles Clippers,Cleveland Cavaliers,116,102
2017,10e1daa2-1733-4612-a035-1dcece845481,2018-03-12T01:00:00Z,583ecae2-fb46-11e1-82cb-f4ce4684ea4c,583ec773-fb46-11e1-82cb-f4ce4684ea4c,Los Angeles Lakers,Cleveland Cavaliers,127,113
2017,28942f63-2008-41da-8bb4-bb3a937c1b15,2018-03-14T02:00:00Z,583ecfa8-fb46-11e1-82cb-f4ce4684ea4c,583ec773-fb46-11e1-82cb-f4ce4684ea4c,Phoenix Suns,Cleveland Cavaliers,107,129
2017,666fadc0-d0d3-4716-a703-81ef54749e32,2018-03-16T02:00:00Z,583ed056-fb46-11e1-82cb-f4ce4684ea4c,583ec773-fb46-11e1-82cb-f4ce4684ea4c,Portland Trail Blazers,Cleveland Cavaliers,113,105
2017,467faddc-9ce8-4854-9885-08b510841b6a,2018-03-18T00:00:00Z,583ec5fd-fb46-11e1-82cb-f4ce4684ea4c,583ec773-fb46-11e1-82cb-f4ce4684ea4c,Chicago Bulls,Cleveland Cavaliers,109,114
2017,cb544b3a-d844-400b-b532-6931cf940f23,2018-03-19T23:00:00Z,583ec773-fb46-11e1-82cb-f4ce4684ea4c,583ecefd-fb46-11e1-82cb-f4ce4684ea4c,Cleveland Cavaliers,Milwaukee Bucks,124,117
2017,fee7c90f-2973-468e-ad89-d94dde4a4414,2018-03-21T23:00:00Z,583ec773-fb46-11e1-82cb-f4ce4684ea4c,583ecda6-fb46-11e1-82cb-f4ce4684ea4c,Cleveland Cavaliers,Toronto Raptors,132,129
2017,91bdd3c5-d88b-460a-a426-39b2e034518b,2018-03-23T23:30:00Z,583ec773-fb46-11e1-82cb-f4ce4684ea4c,583ecfa8-fb46-11e1-82cb-f4ce4684ea4c,Cleveland Cavaliers,Phoenix Suns,120,95
2017,3b274eb8-5875-4405-ba69-1bb7aa67c356,2018-03-25T17:00:00Z,583ec9d6-fb46-11e1-82cb-f4ce4684ea4c,583ec773-fb46-11e1-82cb-f4ce4684ea4c,Brooklyn Nets,Cleveland Cavaliers,114,121
2017,d59cc451-1191-43ef-9f8f-861229648e9b,2018-03-28T00:00:00Z,583ecea6-fb46-11e1-82cb-f4ce4684ea4c,583ec773-fb46-11e1-82cb-f4ce4684ea4c,Miami Heat,Cleveland Cavaliers,98,79
2017,a2341619-ae8f-480f-a801-e5ab993aa5b7,2018-03-28T23:00:00Z,583ec97e-fb46-11e1-82cb-f4ce4684ea4c,583ec773-fb46-11e1-82cb-f4ce4684ea4c,Charlotte Hornets,Cleveland Cavaliers,105,118
2017,a80cafbb-d340-4b53-9bf7-9bb46ebf05eb,2018-03-31T00:00:00Z,583ec773-fb46-11e1-82cb-f4ce4684ea4c,583ecc9a-fb46-11e1-82cb-f4ce4684ea4c,Cleveland Cavaliers,New Orleans Pelicans,107,102
2017,db741cec-1893-4c2a-b0ef-0ac93c237f25,2018-04-01T22:00:00Z,583ec773-fb46-11e1-82cb-f4ce4684ea4c,583ecf50-fb46-11e1-82cb-f4ce4684ea4c,Cleveland Cavaliers,Dallas Mavericks,98,87
2017,190ac89d-2d78-4377-8057-da907ae564e5,2018-04-03T23:00:00Z,583ec773-fb46-11e1-82cb-f4ce4684ea4c,583ecda6-fb46-11e1-82cb-f4ce4684ea4c,Cleveland Cavaliers,Toronto Raptors,112,106
2017,c3bf1dd8-0e14-4d22-9fa4-463db662c11c,2018-04-06T00:00:00Z,583ec773-fb46-11e1-82cb-f4ce4684ea4c,583ec8d4-fb46-11e1-82cb-f4ce4684ea4c,Cleveland Cavaliers,Washington Wizards,119,115
2017,7c699abd-b288-46e3-b9f8-c16d5008111f,2018-04-06T23:00:00Z,583ec87d-fb46-11e1-82cb-f4ce4684ea4c,583ec773-fb46-11e1-82cb-f4ce4684ea4c,Philadelphia 76ers,Cleveland Cavaliers,132,130
2017,1308c608-42e1-4efb-952e-d3064eea4592,2018-04-09T23:30:00Z,583ec70e-fb46-11e1-82cb-f4ce4684ea4c,583ec773-fb46-11e1-82cb-f4ce4684ea4c,New York Knicks,Cleveland Cavaliers,109,123
2017,4a3d1d75-68c4-4e17-a63c-09923d55e9c6,2018-04-12T00:00:00Z,583ec773-fb46-11e1-82cb-f4ce4684ea4c,583ec70e-fb46-11e1-82cb-f4ce4684ea4c,Cleveland Cavaliers,New York Knicks,98,110
